	variant_name	chrom	chrom_pos	variant_alleles	gene_name	gene_id	transcript_ids	exon_id	location
0	rs9697293	1	1045751	A/G	AGRN	ENSG00000188157.15	['ENST00000479707.1']	ENSE00003548211	transcript_non_coding_region
1	rs13374146	1	1180851	T/C	TTLL10	ENSG00000162571.14	['ENST00000514695.1']	ENSE00002084491	transcript_non_coding_region
2	rs13374146	1	1180851	T/C	TTLL10	ENSG00000162571.14	['ENST00000460998.1']	ENSE00001930557	transcript_non_coding_region
3	rs11466687	1	1205490	C/T	TNFRSF18	ENSG00000186891.14	['ENST00000486728.5']	ENSE00001864187	transcript_non_coding_region
4	rs587777075	1	1213738	G/A	TNFRSF4	ENSG00000186827.11	['ENST00000497869.5']	ENSE00001906619	transcript_non_coding_region
5	rs12745364	1	1228646	T/C	SDF4	ENSG00000078808.19	['ENST00000459994.2']	ENSE00003662806	transcript_non_coding_region
6	rs2228579	1	1288005	G/C	SCNN1D	ENSG00000162572.21	['ENST00000379101.8']	ENSE00003541629	transcript_non_coding_region
7	rs1053844	1	1291288	G/A	SCNN1D	ENSG00000162572.21	['ENST00000379101.8']	ENSE00001953291	transcript_non_coding_region
8	rs12094447	1	1309258	G/A	ACAP3	ENSG00000131584.19	[]		non_coding_region
9	rs12094447	1	1309258	G/A	PUSL1	ENSG00000169972.12	['ENST00000463758.1']	ENSE00001922706	transcript_non_coding_region
10	rs12094447	1	1309258	G/A	PUSL1	ENSG00000169972.12	['ENST00000470520.5;ENST00000467712.1']	ENSE00003506446	transcript_non_coding_region
11	rs12094447	1	1309258	G/A	PUSL1	ENSG00000169972.12	['ENST00000493657.1']	ENSE00001827586	transcript_non_coding_region
12	rs2274435	1	1512312	G/A	ATAD3A	ENSG00000197785.14	['ENST00000672388.1']	ENSE00003895589	transcript_non_coding_region
13	rs7418389	1	1616547	T/C	MIB2	ENSG00000197530.12	['ENST00000504599.5']	ENSE00002062285	transcript_non_coding_region
14	rs7418389	1	1616547	T/C	MIB2	ENSG00000197530.12	['ENST00000479659.5;ENST00000511502.5;ENST00000487053.5;ENST00000502470.5;ENST00000378712.5;ENST00000463492.1']	ENSE00003509279	transcript_non_coding_region
15	rs7418389	1	1616547	T/C	MIB2	ENSG00000197530.12	['ENST00000507229.5']	ENSE00002060829	transcript_non_coding_region
16	rs7418389	1	1616547	T/C	MIB2	ENSG00000197530.12	['ENST00000507082.1']	ENSE00002020089	transcript_non_coding_region
17	rs7418389	1	1616547	T/C	MIB2	ENSG00000197530.12	['ENST00000477990.1']	ENSE00001921686	transcript_non_coding_region
18	rs7418389	1	1616547	T/C	MIB2	ENSG00000197530.12	['ENST00000510793.5']	ENSE00002037912	transcript_non_coding_region
19	rs1059811	1	1636429	G/A	CDK11B	ENSG00000248333.9	['ENST00000611150.3;ENST00000615951.4']	ENSE00003717313	transcript_non_coding_region
20	rs1059815	1	1636715	C/A	CDK11B	ENSG00000248333.9	['ENST00000611150.3;ENST00000615951.4']	ENSE00003754538	transcript_non_coding_region
21	rs7531938	1	1654143	G/A	CDK11B	ENSG00000248333.9	[]		non_coding_region
22	rs752740049	1	1655427	G/A	CDK11B	ENSG00000248333.9	['ENST00000341028.8']	ENSE00003584256	transcript_non_coding_region
23	rs866149312	1	1703572	A/G	CDK11A	ENSG00000008128.23	['ENST00000478901.1']	ENSE00001923743	transcript_non_coding_region
24	rs866149312	1	1703572	A/G	CDK11A	ENSG00000008128.23	['ENST00000463652.5']	ENSE00001824684	transcript_non_coding_region
25	rs866149312	1	1703572	A/G	CDK11A	ENSG00000008128.23	['ENST00000356937.7;ENST00000509982.5;ENST00000460465.5;ENST00000468397.1']	ENSE00003477001	transcript_non_coding_region
26	rs1059830	1	1719358	A/G	CDK11A	ENSG00000008128.23	['ENST00000498810.1']	ENSE00001832645	transcript_non_coding_region
27	rs1059830	1	1719358	A/G	CDK11A	ENSG00000008128.23	['ENST00000356937.7']	ENSE00003579874	transcript_non_coding_region
28	rs869312825	1	1804548	T/C	GNB1	ENSG00000078369.18	['ENST00000471354.1']	ENSE00003650042	transcript_non_coding_region
29	rs869312824	1	1804565	A/G	GNB1	ENSG00000078369.18	['ENST00000615252.4']	ENSE00003740636	transcript_non_coding_region
30	rs869312824	1	1804565	A/G	GNB1	ENSG00000078369.18	['ENST00000471354.1']	ENSE00003650042	transcript_non_coding_region
31	rs869312823	1	1806509	T/C	GNB1	ENSG00000078369.18	['ENST00000615252.4;ENST00000471354.1']	ENSE00003483809	transcript_non_coding_region
32	rs758432471	1	1806513	C/T	GNB1	ENSG00000078369.18	['ENST00000615252.4;ENST00000471354.1']	ENSE00003483809	transcript_non_coding_region
33	rs869312822	1	1806514	A/C	GNB1	ENSG00000078369.18	['ENST00000615252.4;ENST00000471354.1']	ENSE00003483809	transcript_non_coding_region
34	rs869312821	1	1806515	T/C	GNB1	ENSG00000078369.18	['ENST00000615252.4;ENST00000471354.1']	ENSE00003483809	transcript_non_coding_region
35	rs4459050	1	1918091	T/C	TMEM52	ENSG00000178821.13	['ENST00000470931.2']	ENSE00001810932	transcript_non_coding_region
36	rs16824588	1	1968793	T/C	CFAP74	ENSG00000142609.18	['ENST00000270720.11;ENST00000468610.5']	ENSE00003537751	transcript_non_coding_region
37	rs13303083	1	1988892	C/A	CFAP74	ENSG00000142609.18	['ENST00000270720.11;ENST00000468610.5;ENST00000378592.1']	ENSE00003613246	transcript_non_coding_region
38	rs121434580	1	2027636	A/C	GABRD	ENSG00000187730.9	['ENST00000639045.1;ENST00000640423.1;ENST00000639777.1']	ENSE00003802717	transcript_non_coding_region
39	rs121434580	1	2027636	A/C	GABRD	ENSG00000187730.9	['ENST00000639070.1']	ENSE00003802568	transcript_non_coding_region
40	rs121434580	1	2027636	A/C	GABRD	ENSG00000187730.9	['ENST00000640317.1']	ENSE00003806396	transcript_non_coding_region
41	rs121434580	1	2027636	A/C	GABRD	ENSG00000187730.9	['ENST00000638604.1']	ENSE00003809688	transcript_non_coding_region
42	rs121434580	1	2027636	A/C	GABRD	ENSG00000187730.9	['ENST00000640892.1']	ENSE00003809787	transcript_non_coding_region
43	rs376894109	1	2175293	C/T	PRKCZ	ENSG00000067606.17	['ENST00000479263.5;ENST00000505322.5']	ENSE00003620514	transcript_non_coding_region
44	rs1058411	1	2193733	G/A	FAAP20	ENSG00000162585.17	['ENST00000469733.5;ENST00000401813.7;ENST00000487186.5;ENST00000476803.1']	ENSE00003481862	transcript_non_coding_region
45	rs1058411	1	2193733	G/A	FAAP20	ENSG00000162585.17	['ENST00000497675.2']	ENSE00001862783	transcript_non_coding_region
46	rs12130128	1	2385886	G/C	MORN1	ENSG00000116151.14	['ENST00000607031.1']	ENSE00003695416	transcript_non_coding_region
47	rs12130128	1	2385886	G/C	MORN1	ENSG00000116151.14	['ENST00000606372.5;ENST00000469374.5']	ENSE00003638759	transcript_non_coding_region
48	rs2494620	1	2509919	T/C	PANK4	ENSG00000157881.16	['ENST00000505228.5']	ENSE00003508363	transcript_non_coding_region
49	rs2494620	1	2509919	T/C	PANK4	ENSG00000157881.16	['ENST00000502512.1']	ENSE00002083215	transcript_non_coding_region
50	rs7535528	1	2512975	G/A	PANK4	ENSG00000157881.16	['ENST00000471361.1']	ENSE00001830723	transcript_non_coding_region
51	rs7535528	1	2512975	G/A	PANK4	ENSG00000157881.16	['ENST00000487804.1']	ENSE00001945902	transcript_non_coding_region
52	rs4870	1	2556714	A/G	TNFRSF14	ENSG00000157873.18	['ENST00000496064.5']	ENSE00001890939	transcript_non_coding_region
53	rs4870	1	2556714	A/G	TNFRSF14	ENSG00000157873.18	['ENST00000463471.6']	ENSE00001815889	transcript_non_coding_region
54	rs4870	1	2556714	A/G	TNFRSF14	ENSG00000157873.18	['ENST00000482074.6']	ENSE00001941009	transcript_non_coding_region
55	rs4870	1	2556714	A/G	TNFRSF14	ENSG00000157873.18	['ENST00000442392.6']	ENSE00001606475	transcript_non_coding_region
56	rs2234163	1	2559867	G/A	TNFRSF14	ENSG00000157873.18	['ENST00000463471.6;ENST00000466750.5']	ENSE00001855546	transcript_non_coding_region
57	rs2234163	1	2559867	G/A	TNFRSF14	ENSG00000157873.18	['ENST00000496064.5']	ENSE00003516719	transcript_non_coding_region
58	rs2234163	1	2559867	G/A	TNFRSF14	ENSG00000157873.18	['ENST00000471768.1']	ENSE00001872286	transcript_non_coding_region
59	rs2234163	1	2559867	G/A	TNFRSF14	ENSG00000157873.18	['ENST00000475523.5']	ENSE00001876484	transcript_non_coding_region
60	rs11573986	1	2560684	G/A	TNFRSF14	ENSG00000157873.18	['ENST00000496064.5']	ENSE00001841528	transcript_non_coding_region
61	rs11573986	1	2560684	G/A	TNFRSF14	ENSG00000157873.18	['ENST00000475523.5;ENST00000463471.6;ENST00000466750.5;ENST00000471768.1']	ENSE00003482841	transcript_non_coding_region
62	rs11573986	1	2560684	G/A	TNFRSF14	ENSG00000157873.18	['ENST00000463835.5']	ENSE00001909657	transcript_non_coding_region
63	rs2234167	1	2562891	G/A	TNFRSF14	ENSG00000157873.18	['ENST00000475523.5;ENST00000466750.5;ENST00000463835.5;ENST00000480305.1']	ENSE00003630371	transcript_non_coding_region
64	rs2234167	1	2562891	G/A	TNFRSF14	ENSG00000157873.18	['ENST00000482602.5']	ENSE00003766383	transcript_non_coding_region
65	rs2234167	1	2562891	G/A	TNFRSF14	ENSG00000157873.18	['ENST00000463471.6']	ENSE00001840111	transcript_non_coding_region
66	rs397514744	1	3402986	C/T	PRDM16	ENSG00000142611.17	['ENST00000512462.5']	ENSE00003701239	transcript_non_coding_region
67	rs2493292	1	3412095	C/T	PRDM16	ENSG00000142611.17	['ENST00000512462.5']	ENSE00003699089	transcript_non_coding_region
68	rs397514743	1	3412644	A/G	PRDM16	ENSG00000142611.17	['ENST00000512462.5']	ENSE00003699089	transcript_non_coding_region
69	rs1181883	1	3761369	T/C	CCDC27	ENSG00000162592.10	['ENST00000462521.2']	ENSE00003667568	transcript_non_coding_region
70	rs11547614	1	3781206	G/A	LRRC47	ENSG00000130764.10	['ENST00000462356.5']	ENSE00001947794	transcript_non_coding_region
71	rs2275831	1	3829360	G/A	CEP104	ENSG00000116198.14	['ENST00000675966.1;ENST00000674985.1;ENST00000674879.1;ENST00000675750.1;ENST00000675334.1;ENST00000438539.6']	ENSE00001801896	transcript_non_coding_region
72	rs2275831	1	3829360	G/A	CEP104	ENSG00000116198.14	['ENST00000675108.1']	ENSE00003901405	transcript_non_coding_region
73	rs2275824	1	3836572	A/T	CEP104	ENSG00000116198.14	['ENST00000674879.1']	ENSE00003900508	transcript_non_coding_region
74	rs2275824	1	3836572	A/T	CEP104	ENSG00000116198.14	['ENST00000675966.1;ENST00000675750.1;ENST00000675108.1;ENST00000675334.1']	ENSE00003632521	transcript_non_coding_region
75	rs2275824	1	3836572	A/T	CEP104	ENSG00000116198.14	['ENST00000674985.1']	ENSE00003899646	transcript_non_coding_region
76	rs12738235	1	3869681	G/A	DFFB	ENSG00000169598.17	['ENST00000468793.5;ENST00000339350.7;ENST00000477548.5;ENST00000378206.5;ENST00000475969.5;ENST00000481945.1']	ENSE00003471085	transcript_non_coding_region
77	rs12564400	1	3883554	A/G	DFFB	ENSG00000169598.17	['ENST00000491998.5;ENST00000468793.5;ENST00000339350.7;ENST00000477548.5;ENST00000378206.5;ENST00000475969.5']	ENSE00003599811	transcript_non_coding_region
78	rs12036962	1	3890694	G/C	C1orf174	ENSG00000198912.12	['ENST00000680169.1']	ENSE00003914648	transcript_non_coding_region
79	rs12036962	1	3890694	G/C	C1orf174	ENSG00000198912.12	['ENST00000679946.1']	ENSE00003915195	transcript_non_coding_region
80	rs12036962	1	3890694	G/C	C1orf174	ENSG00000198912.12	['ENST00000486765.5;ENST00000681823.1;ENST00000680279.1;ENST00000679703.1']	ENSE00003481256	transcript_non_coding_region
81	rs12036962	1	3890694	G/C	C1orf174	ENSG00000198912.12	['ENST00000680054.1']	ENSE00003913032	transcript_non_coding_region
82	rs12036962	1	3890694	G/C	C1orf174	ENSG00000198912.12	['ENST00000474140.1']	ENSE00001810609	transcript_non_coding_region
83	rs10909820	1	3890886	C/A	C1orf174	ENSG00000198912.12	['ENST00000680169.1']	ENSE00003914648	transcript_non_coding_region
84	rs10909820	1	3890886	C/A	C1orf174	ENSG00000198912.12	['ENST00000679946.1']	ENSE00003915195	transcript_non_coding_region
85	rs10909820	1	3890886	C/A	C1orf174	ENSG00000198912.12	['ENST00000679929.1']	ENSE00003911051	transcript_non_coding_region
86	rs10909820	1	3890886	C/A	C1orf174	ENSG00000198912.12	['ENST00000486765.5;ENST00000681823.1;ENST00000680279.1;ENST00000679703.1']	ENSE00003481256	transcript_non_coding_region
87	rs10909820	1	3890886	C/A	C1orf174	ENSG00000198912.12	['ENST00000680054.1']	ENSE00003913032	transcript_non_coding_region
88	rs10909820	1	3890886	C/A	C1orf174	ENSG00000198912.12	['ENST00000474140.1']	ENSE00001810609	transcript_non_coding_region
89	rs779755743	1	5864484	G/A	NPHP4	ENSG00000131697.18	['ENST00000478423.6;ENST00000489180.6;ENST00000378169.7']	ENSE00003506657	transcript_non_coding_region
90	rs779755743	1	5864484	G/A	NPHP4	ENSG00000131697.18	['ENST00000460696.1']	ENSE00001892650	transcript_non_coding_region
91	rs779755743	1	5864484	G/A	NPHP4	ENSG00000131697.18	['ENST00000378161.5']	ENSE00001232767	transcript_non_coding_region
92	rs781049266	1	5865212	C/T	NPHP4	ENSG00000131697.18	['ENST00000460696.1']	ENSE00001892650	transcript_non_coding_region
93	rs781049266	1	5865212	C/T	NPHP4	ENSG00000131697.18	['ENST00000378161.5']	ENSE00001232767	transcript_non_coding_region
94	rs781049266	1	5865212	C/T	NPHP4	ENSG00000131697.18	['ENST00000478423.6;ENST00000489180.6;ENST00000378169.7']	ENSE00003555137	transcript_non_coding_region
95	rs12084067	1	5875042	C/T	NPHP4	ENSG00000131697.18	['ENST00000478423.6;ENST00000489180.6;ENST00000378169.7']	ENSE00003470570	transcript_non_coding_region
96	rs12084067	1	5875042	C/T	NPHP4	ENSG00000131697.18	['ENST00000506941.1']	ENSE00002038491	transcript_non_coding_region
97	rs373962831	1	5890912	C/T	NPHP4	ENSG00000131697.18	['ENST00000478423.6;ENST00000378169.7']	ENSE00003464359	transcript_non_coding_region
98	rs571655	1	5905395	C/T	NPHP4	ENSG00000131697.18	['ENST00000478423.6;ENST00000378169.7']	ENSE00003628489	transcript_non_coding_region
99	rs12093500	1	5905764	G/C	NPHP4	ENSG00000131697.18	['ENST00000478423.6']	ENSE00003598563	transcript_non_coding_region
100	rs12093500	1	5905764	G/C	NPHP4	ENSG00000131697.18	['ENST00000378169.7']	ENSE00003559036	transcript_non_coding_region
101	rs758253306	1	5927685	G/A	NPHP4	ENSG00000131697.18	['ENST00000478423.6;ENST00000378169.7']	ENSE00003570239	transcript_non_coding_region
102	rs761063669	1	5967326	G/A	NPHP4	ENSG00000131697.18	['ENST00000478423.6']	ENSE00003595395	transcript_non_coding_region
103	rs6657997	1	6128191	C/A	CHD5	ENSG00000116254.18	['ENST00000377999.5']	ENSE00003666591	transcript_non_coding_region
104	rs12073329	1	6212018	G/A	RNF207	ENSG00000158286.13	['ENST00000463453.1']	ENSE00001928228	transcript_non_coding_region
105	rs12073329	1	6212018	G/A	RNF207	ENSG00000158286.13	['ENST00000496676.5;ENST00000492476.1']	ENSE00003488296	transcript_non_coding_region
106	rs2235687	1	6418980	G/A	HES2	ENSG00000069812.11	['ENST00000487437.5']	ENSE00001854189	transcript_non_coding_region
107	rs2235687	1	6418980	G/A	HES2	ENSG00000069812.11	['ENST00000489730.1']	ENSE00001914446	transcript_non_coding_region
108	rs1059333	1	6461546	C/T	TNFRSF25	ENSG00000215788.11	['ENST00000473343.5;ENST00000513135.5;ENST00000480393.5;ENST00000485036.5']	ENSE00003525792	transcript_non_coding_region
109	rs1059333	1	6461546	C/T	TNFRSF25	ENSG00000215788.11	['ENST00000414040.6;ENST00000502588.5;ENST00000502730.5;ENST00000510563.5']	ENSE00003609603	transcript_non_coding_region
110	rs1059333	1	6461546	C/T	TNFRSF25	ENSG00000215788.11	['ENST00000453260.6']	ENSE00001725977	transcript_non_coding_region
111	rs11800462	1	6464441	T/C	TNFRSF25	ENSG00000215788.11	['ENST00000513135.5']	ENSE00002042578	transcript_non_coding_region
112	rs11800462	1	6464441	T/C	TNFRSF25	ENSG00000215788.11	['ENST00000453341.1']	ENSE00001596791	transcript_non_coding_region
113	rs11800462	1	6464441	T/C	TNFRSF25	ENSG00000215788.11	['ENST00000469691.5;ENST00000481401.5;ENST00000461703.6']	ENSE00003529010	transcript_non_coding_region
114	rs397515456	1	6469396	G/A	PLEKHG5	ENSG00000171680.23	['ENST00000675139.1']	ENSE00003902442	transcript_non_coding_region
115	rs397515456	1	6469396	G/A	PLEKHG5	ENSG00000171680.23	['ENST00000487949.4;ENST00000489097.6;ENST00000674790.1;ENST00000675548.1;ENST00000676401.1']	ENSE00003654114	transcript_non_coding_region
116	rs63750315	1	6469444	A/G	PLEKHG5	ENSG00000171680.23	['ENST00000675139.1']	ENSE00003902442	transcript_non_coding_region
117	rs63750315	1	6469444	A/G	PLEKHG5	ENSG00000171680.23	['ENST00000487949.4;ENST00000489097.6;ENST00000674790.1;ENST00000675548.1;ENST00000676401.1']	ENSE00003654114	transcript_non_coding_region
118	rs17029613	1	6532740	T/C	NOL9	ENSG00000162408.11	['ENST00000462798.1']	ENSE00001852117	transcript_non_coding_region
119	rs17029613	1	6532740	T/C	NOL9	ENSG00000162408.11	['ENST00000464383.1']	ENSE00003668580	transcript_non_coding_region
120	rs12137794	1	6645884	C/T	DNAJC11	ENSG00000007923.16	['ENST00000473993.5']	ENSE00001940000	transcript_non_coding_region
121	rs10462021	1	7837073	A/G	PER3	ENSG00000049246.14	['ENST00000494684.1']	ENSE00001894067	transcript_non_coding_region
122	rs9657979	1	7935030	G/T	TNFRSF9	ENSG00000049249.9	['ENST00000492571.1']	ENSE00003634800	transcript_non_coding_region
123	rs74315351	1	7962863	G/A	PARK7	ENSG00000116288.13	['ENST00000460192.5;ENST00000465354.5']	ENSE00003607771	transcript_non_coding_region
124	rs74315351	1	7962863	G/A	PARK7	ENSG00000116288.13	['ENST00000497113.1']	ENSE00001935602	transcript_non_coding_region
125	rs74315353	1	7965425	G/C	PARK7	ENSG00000116288.13	['ENST00000460192.5;ENST00000465354.5;ENST00000497113.1']	ENSE00003681534	transcript_non_coding_region
126	rs71653619	1	7970934	G/A	PARK7	ENSG00000116288.13	['ENST00000460192.5']	ENSE00001816280	transcript_non_coding_region
127	rs71653619	1	7970934	G/A	PARK7	ENSG00000116288.13	['ENST00000465354.5']	ENSE00001830800	transcript_non_coding_region
128	rs71653619	1	7970934	G/A	PARK7	ENSG00000116288.13	['ENST00000497113.1']	ENSE00003484102	transcript_non_coding_region
129	rs11544514	1	8863984	G/T	ENO1	ENSG00000074800.16	['ENST00000464920.2;ENST00000646370.2;ENST00000645609.1']	ENSE00003693421	transcript_non_coding_region
130	rs387907294	1	9972098	G/A	NMNAT1	ENSG00000173614.14	['ENST00000492735.1']	ENSE00001847497	transcript_non_coding_region
131	rs761948762	1	9972132	T/A	NMNAT1	ENSG00000173614.14	['ENST00000492735.1']	ENSE00001847497	transcript_non_coding_region
