	variant_name	chrom	chrom_pos	variant_alleles	gene_name	gene_id	transcript_ids	exon_id	location	ancestral_AA	var_AA	diff_score
0	rs138031468	1	1041648	G/T	AGRN	ENSG00000188157.15	['ENST00000379370.7;ENST00000620552.4;ENST00000651234.1;ENST00000652369.1']	ENSE00001627476	coding_region	A	S	1
1	rs113288277	1	1044368	A/T	AGRN	ENSG00000188157.15	['ENST00000379370.7;ENST00000620552.4;ENST00000651234.1;ENST00000652369.1']	ENSE00001773423	coding_region	E	V	1
2	rs9697293	1	1045751	A/G	AGRN	ENSG00000188157.15	['ENST00000379370.7;ENST00000620552.4;ENST00000651234.1;ENST00000652369.1']	ENSE00003686258	coding_region	Q	R	1
3	rs13374146	1	1180851	T/C	TTLL10	ENSG00000162571.14	['ENST00000379290.6;ENST00000379289.6;ENST00000379288.3']	ENSE00001066412	coding_region	V	A	1
4	rs2274791	1	1197558	G/A	TTLL10	ENSG00000162571.14	['ENST00000379290.6;ENST00000379289.6']	ENSE00003897383	coding_region	G	D	1
5	rs11466693	1	1204118	C/T	TNFRSF18	ENSG00000186891.14	['ENST00000379265.5']	ENSE00001480306	coding_region	V	V	0
6	rs11466693	1	1204118	C/T	TNFRSF18	ENSG00000186891.14	['ENST00000379268.7;ENST00000486728.5']	ENSE00001333104	coding_region	E	D	1
7	rs11466687	1	1205490	C/T	TNFRSF18	ENSG00000186891.14	['ENST00000328596.10;ENST00000379268.7;ENST00000379265.5']	ENSE00001333111	coding_region	Q	L	1
8	rs587777075	1	1213738	G/A	TNFRSF4	ENSG00000186827.11	['ENST00000379236.4']	ENSE00001333068	coding_region	D	D	0
9	rs12745364	1	1228646	T/C	SDF4	ENSG00000078808.19	['ENST00000360001.12;ENST00000465727.5;ENST00000263741.12;ENST00000660930.1']	ENSE00003459646	coding_region	R	R	0
10	rs397514719	1	1232471	A/G	B3GALT6	ENSG00000176022.7	['ENST00000379198.5']	ENSE00001480062	coding_region	P	P	0
11	rs397514720	1	1232478	C/T	B3GALT6	ENSG00000176022.7	['ENST00000379198.5']	ENSE00001480062	coding_region	P	S	1
12	rs397514718	1	1232744	G/A	B3GALT6	ENSG00000176022.7	['ENST00000379198.5']	ENSE00001480062	coding_region	R	R	0
13	rs12085009	1	1232800	G/C	B3GALT6	ENSG00000176022.7	['ENST00000379198.5']	ENSE00001480062	coding_region	S	T	1
14	rs397514724	1	1232927	G/A	B3GALT6	ENSG00000176022.7	['ENST00000379198.5']	ENSE00001480062	coding_region	A	A	0
15	rs397514721	1	1233203	T/A	B3GALT6	ENSG00000176022.7	['ENST00000379198.5']	ENSE00001480062	coding_region	C	_	1
16	rs2228579	1	1288005	G/C	SCNN1D	ENSG00000162572.21	['ENST00000379116.10;ENST00000338555.6;ENST00000325425.12;ENST00000379099.3;ENST00000400928.7']	ENSE00003559189	coding_region	E	Q	1
17	rs1053844	1	1291288	G/A	SCNN1D	ENSG00000162572.21	['ENST00000400928.7']	ENSE00001545395	coding_region	C	Y	1
18	rs1053844	1	1291288	G/A	SCNN1D	ENSG00000162572.21	['ENST00000379116.10']	ENSE00001562666	coding_region	C	Y	1
19	rs1053844	1	1291288	G/A	SCNN1D	ENSG00000162572.21	['ENST00000338555.6;ENST00000325425.12']	ENSE00001307311	coding_region	C	Y	1
20	rs6690013	1	1291377	G/A	SCNN1D	ENSG00000162572.21	['ENST00000400928.7']	ENSE00001545395	coding_region	G	S	1
21	rs6690013	1	1291377	G/A	SCNN1D	ENSG00000162572.21	['ENST00000379116.10']	ENSE00001562666	coding_region	G	S	1
22	rs6690013	1	1291377	G/A	SCNN1D	ENSG00000162572.21	['ENST00000338555.6;ENST00000325425.12']	ENSE00001307311	coding_region	G	S	1
23	rs609805	1	1291509	G/A	SCNN1D	ENSG00000162572.21	['ENST00000400928.7']	ENSE00001545395	coding_region	G	R	1
24	rs609805	1	1291509	G/A	SCNN1D	ENSG00000162572.21	['ENST00000379116.10']	ENSE00001562666	coding_region	G	R	1
25	rs609805	1	1291509	G/A	SCNN1D	ENSG00000162572.21	['ENST00000338555.6;ENST00000325425.12']	ENSE00001307311	coding_region	G	R	1
26	rs12094447	1	1309258	G/A	PUSL1	ENSG00000169972.12	['ENST00000379031.10']	ENSE00003604149	coding_region	R	Q	1
27	rs3736374	1	1374177	C/G	AURKAIP1	ENSG00000175756.13	['ENST00000338370.7;ENST00000338338.9;ENST00000321751.9;ENST00000378853.3']	ENSE00001629775	coding_region	W	W	0
28	rs1240504	1	1471903	G/A	ATAD3B	ENSG00000160072.20	['ENST00000308647.8']	ENSE00001833190	coding_region	R	H	1
29	rs1240504	1	1471903	G/A	ATAD3B	ENSG00000160072.20	['ENST00000673477.1']	ENSE00003889014	coding_region	A	A	0
30	rs2274435	1	1512312	G/A	ATAD3A	ENSG00000197785.14	['ENST00000378755.9']	ENSE00002685283	coding_region	G	D	1
31	rs2274435	1	1512312	G/A	ATAD3A	ENSG00000197785.14	['ENST00000378756.8']	ENSE00001948795	coding_region	R	R	0
32	rs606231455	1	1535370	G/A	TMEM240	ENSG00000205090.9	['ENST00000425828.1']	ENSE00001754649	coding_region	L	L	0
33	rs606231455	1	1535370	G/A	TMEM240	ENSG00000205090.9	['ENST00000378733.9']	ENSE00001478554	coding_region	G	G	0
34	rs606231451	1	1535372	G/A	TMEM240	ENSG00000205090.9	['ENST00000425828.1']	ENSE00001754649	coding_region	T	N	1
35	rs606231451	1	1535372	G/A	TMEM240	ENSG00000205090.9	['ENST00000378733.9']	ENSE00001478554	coding_region	A	E	1
36	rs606231453	1	1535616	G/A	TMEM240	ENSG00000205090.9	['ENST00000378733.9;ENST00000425828.1']	ENSE00001658110	coding_region	Y	_	1
37	rs606231454	1	1535723	G/A	TMEM240	ENSG00000205090.9	['ENST00000378733.9;ENST00000425828.1']	ENSE00001658110	coding_region	I	N	1
38	rs7418389	1	1616547	T/C	MIB2	ENSG00000197530.12	['ENST00000520777.5;ENST00000355826.9;ENST00000518681.5;ENST00000505820.6;ENST00000489635.5;ENST00000514363.1']	ENSE00003651550	coding_region	F	L	1
39	rs1059811	1	1636429	G/A	CDK11B	ENSG00000248333.9	['ENST00000341832.11;ENST00000407249.7;ENST00000340677.9;ENST00000626918.2;ENST00000629289.2;ENST00000629312.2']	ENSE00001642055	coding_region	R	S	1
40	rs1059815	1	1636715	C/A	CDK11B	ENSG00000248333.9	['ENST00000341832.11;ENST00000407249.7;ENST00000340677.9;ENST00000626918.2;ENST00000629289.2;ENST00000629312.2']	ENSE00001615731	coding_region	G	S	1
41	rs752740049	1	1655427	G/A	CDK11B	ENSG00000248333.9	['ENST00000341832.11;ENST00000407249.7;ENST00000340677.9;ENST00000611150.3;ENST00000615951.4;ENST00000626918.2;ENST00000629289.2;ENST00000629312.2']	ENSE00003633361	coding_region	R	H	1
42	rs866149312	1	1703572	A/G	CDK11A	ENSG00000008128.23	['ENST00000404249.8;ENST00000356200.7;ENST00000378638.6;ENST00000357760.6;ENST00000358779.9;ENST00000378633.5']	ENSE00003652156	coding_region	R	G	1
43	rs1059830	1	1719358	A/G	CDK11A	ENSG00000008128.23	['ENST00000357760.6;ENST00000358779.9;ENST00000378633.5;ENST00000479362.1']	ENSE00003479970	coding_region			
44	rs1059830	1	1719358	A/G	CDK11A	ENSG00000008128.23	['ENST00000404249.8;ENST00000356200.7;ENST00000378638.6;ENST00000509982.5;ENST00000460465.5']	ENSE00001714517	coding_region	K	K	0
45	rs869312826	1	1787378	C/T	GNB1	ENSG00000078369.18	['ENST00000610897.4;ENST00000615252.4;ENST00000378609.9']	ENSE00001728156	coding_region	M	L	1
46	rs869312825	1	1804548	T/C	GNB1	ENSG00000078369.18	['ENST00000610897.4;ENST00000378609.9;ENST00000439272.6;ENST00000434686.6']	ENSE00003609842	coding_region	V	L	1
47	rs869312825	1	1804548	T/C	GNB1	ENSG00000078369.18	['ENST00000615252.4']	ENSE00003740636	coding_region	T	T	0
48	rs869312825	1	1804548	T/C	GNB1	ENSG00000078369.18	['ENST00000437146.1']	ENSE00001704803	coding_region	S	S	0
49	rs869312824	1	1804565	A/G	GNB1	ENSG00000078369.18	['ENST00000610897.4;ENST00000378609.9;ENST00000439272.6;ENST00000434686.6']	ENSE00003609842	coding_region	E	E	0
50	rs869312824	1	1804565	A/G	GNB1	ENSG00000078369.18	['ENST00000437146.1']	ENSE00001704803	coding_region	C	G	1
51	rs869312823	1	1806509	T/C	GNB1	ENSG00000078369.18	['ENST00000610897.4;ENST00000378609.9;ENST00000439272.6;ENST00000434686.6;ENST00000437146.1']	ENSE00003629446	coding_region	I	L	1
52	rs758432471	1	1806513	C/T	GNB1	ENSG00000078369.18	['ENST00000610897.4;ENST00000378609.9;ENST00000439272.6;ENST00000434686.6;ENST00000437146.1']	ENSE00003629446	coding_region	I	I	0
53	rs869312822	1	1806514	A/C	GNB1	ENSG00000078369.18	['ENST00000610897.4;ENST00000378609.9;ENST00000439272.6;ENST00000434686.6;ENST00000437146.1']	ENSE00003629446	coding_region	I	I	0
54	rs869312821	1	1806515	T/C	GNB1	ENSG00000078369.18	['ENST00000610897.4;ENST00000378609.9;ENST00000439272.6;ENST00000434686.6;ENST00000437146.1']	ENSE00003629446	coding_region	W	R	1
55	rs4459050	1	1918091	T/C	TMEM52	ENSG00000178821.13	['ENST00000310991.8']	ENSE00001754010	coding_region	R	R	0
56	rs4459050	1	1918091	T/C	TMEM52	ENSG00000178821.13	['ENST00000378602.3']	ENSE00001478064	coding_region	R	P	1
57	rs16824588	1	1968793	T/C	CFAP74	ENSG00000142609.18	['ENST00000493964.5']	ENSE00003744170	coding_region	F	S	1
58	rs13303083	1	1988892	C/A	CFAP74	ENSG00000142609.18	['ENST00000493964.5;ENST00000378590.4']	ENSE00003585076	coding_region	R	K	1
59	rs121434580	1	2027636	A/C	GABRD	ENSG00000187730.9	['ENST00000378585.7;ENST00000640067.1;ENST00000638771.1;ENST00000640949.1;ENST00000640030.1;ENST00000640981.1;ENST00000638763.1']	ENSE00001367283	coding_region	E	A	1
60	rs121434580	1	2027636	A/C	GABRD	ENSG00000187730.9	['ENST00000638804.1']	ENSE00003809281	coding_region	E	A	1
61	rs121434580	1	2027636	A/C	GABRD	ENSG00000187730.9	['ENST00000638411.1']	ENSE00003805389	coding_region	G	G	0
62	rs376894109	1	2175293	C/T	PRKCZ	ENSG00000067606.17	['ENST00000378567.8;ENST00000400921.6;ENST00000461106.6;ENST00000478770.6']	ENSE00003609132	coding_region	R	C	1
63	rs1058411	1	2193733	G/A	FAAP20	ENSG00000162585.17	['ENST00000428120.5;ENST00000414253.5;ENST00000400918.7;ENST00000378546.9;ENST00000440825.6;ENST00000420515.1']	ENSE00003510741	coding_region	G	D	1
64	rs1058411	1	2193733	G/A	FAAP20	ENSG00000162585.17	['ENST00000378543.2;ENST00000400919.7']	ENSE00003548540	coding_region	A	T	1
65	rs869312902	1	2228828	T/G	SKI	ENSG00000157933.10	['ENST00000378536.5']	ENSE00001477855	coding_region	L	R	1
66	rs397514590	1	2228869	C/T	SKI	ENSG00000157933.10	['ENST00000378536.5']	ENSE00001477855	coding_region	P	S	1
67	rs387907303	1	2229113	G/A	SKI	ENSG00000157933.10	['ENST00000378536.5']	ENSE00001477855	coding_region	G	E	1
68	rs869312901	1	2229115	G/C	SKI	ENSG00000157933.10	['ENST00000378536.5']	ENSE00001477855	coding_region	G	R	1
69	rs12130128	1	2385886	G/C	MORN1	ENSG00000116151.14	['ENST00000449373.2']	ENSE00003615736	coding_region	R	T	1
70	rs12130128	1	2385886	G/C	MORN1	ENSG00000116151.14	['ENST00000378531.8;ENST00000378529.7;ENST00000378525.2']	ENSE00003499657	coding_region	Q	H	1
71	rs2494620	1	2509919	T/C	PANK4	ENSG00000157881.16	['ENST00000378466.9;ENST00000435556.8']	ENSE00003666246	coding_region	C	C	0
72	rs7535528	1	2512975	G/A	PANK4	ENSG00000157881.16	['ENST00000378466.9;ENST00000435556.8;ENST00000505228.5;ENST00000502512.1']	ENSE00001035684	coding_region	L	M	1
73	rs4870	1	2556714	A/G	TNFRSF14	ENSG00000157873.18	['ENST00000355716.5']	ENSE00001409963	coding_region	K	E	1
74	rs4870	1	2556714	A/G	TNFRSF14	ENSG00000157873.18	['ENST00000426449.5;ENST00000434817.5;ENST00000435221.6;ENST00000451778.5;ENST00000409119.5']	ENSE00001576845	coding_region	Q	Q	0
75	rs2234163	1	2559867	G/A	TNFRSF14	ENSG00000157873.18	['ENST00000426449.5;ENST00000434817.5;ENST00000435221.6;ENST00000451778.5;ENST00000409119.5;ENST00000355716.5']	ENSE00003526946	coding_region	A	T	1
76	rs11573986	1	2560684	G/A	TNFRSF14	ENSG00000157873.18	['ENST00000482602.5']	ENSE00001873517	coding_region	G	E	1
77	rs11573986	1	2560684	G/A	TNFRSF14	ENSG00000157873.18	['ENST00000426449.5;ENST00000434817.5;ENST00000435221.6;ENST00000451778.5;ENST00000409119.5;ENST00000355716.5']	ENSE00003788417	coding_region	G	E	1
78	rs2234167	1	2562891	G/A	TNFRSF14	ENSG00000157873.18	['ENST00000355716.5']	ENSE00003636931	coding_region	V	I	1
79	rs397514744	1	3402986	C/T	PRDM16	ENSG00000142611.17	['ENST00000511072.5;ENST00000378391.6;ENST00000514189.5;ENST00000270722.10;ENST00000509860.1']	ENSE00003696962	coding_region	P	L	1
80	rs2493292	1	3412095	C/T	PRDM16	ENSG00000142611.17	['ENST00000511072.5;ENST00000378391.6;ENST00000514189.5;ENST00000270722.10;ENST00000509860.1']	ENSE00003695658	coding_region	P	L	1
81	rs397514743	1	3412644	A/G	PRDM16	ENSG00000142611.17	['ENST00000511072.5;ENST00000378391.6;ENST00000514189.5;ENST00000270722.10;ENST00000509860.1']	ENSE00003695658	coding_region	N	S	1
82	rs4648506	1	3497304	C/G	MEGF6	ENSG00000162591.16	['ENST00000485002.6']	ENSE00003604897	coding_region	T	T	0
83	rs4648506	1	3497304	C/G	MEGF6	ENSG00000162591.16	['ENST00000294599.8;ENST00000356575.9']	ENSE00003561382	coding_region	H	D	1
84	rs2821008	1	3505333	A/G	MEGF6	ENSG00000162591.16	['ENST00000294599.8;ENST00000356575.9;ENST00000485002.6']	ENSE00001066619	coding_region	C	G	1
85	rs947345	1	3507824	G/A	MEGF6	ENSG00000162591.16	['ENST00000294599.8;ENST00000356575.9;ENST00000485002.6']	ENSE00001321857	coding_region	C	S	1
86	rs2794340	1	3579915	T/C	MEGF6	ENSG00000162591.16	['ENST00000356575.9']	ENSE00001402691	coding_region	P	P	0
87	rs7513275	1	3595370	A/G	MEGF6	ENSG00000162591.16	['ENST00000356575.9;ENST00000485002.6']	ENSE00001477189	coding_region	Y	C	1
88	rs16823940	1	3631634	C/T	WRAP73	ENSG00000116213.16	['ENST00000270708.12']	ENSE00001797222	coding_region	M	M	0
89	rs16823940	1	3631634	C/T	WRAP73	ENSG00000116213.16	['ENST00000378322.7']	ENSE00001755234	coding_region	K	I	1
90	rs1181883	1	3761369	T/C	CCDC27	ENSG00000162592.10	['ENST00000294600.7']	ENSE00003520105	coding_region	M	T	1
91	rs11547615	1	3781099	C/T	LRRC47	ENSG00000130764.10	['ENST00000378251.3']	ENSE00001122552	coding_region	G	G	0
92	rs11547614	1	3781206	G/A	LRRC47	ENSG00000130764.10	['ENST00000378251.3']	ENSE00001122552	coding_region	V	E	1
93	rs2275831	1	3829360	G/A	CEP104	ENSG00000116198.14	['ENST00000676052.1;ENST00000378230.8;ENST00000674623.1;ENST00000675200.1;ENST00000675677.1;ENST00000676009.1;ENST00000675666.1;ENST00000674558.1;ENST00000674544.1;ENST00000675375.1;ENST00000428079.6;ENST00000461667.2']	ENSE00001690217	coding_region	Q	Q	0
94	rs2275824	1	3836572	A/T	CEP104	ENSG00000116198.14	['ENST00000676052.1;ENST00000378230.8;ENST00000674623.1;ENST00000675200.1;ENST00000676009.1;ENST00000675666.1;ENST00000674558.1;ENST00000674544.1;ENST00000675375.1;ENST00000428079.6;ENST00000461667.2;ENST00000494653.5']	ENSE00003569347	coding_region	E	D	1
95	rs12738235	1	3869681	G/A	DFFB	ENSG00000169598.17	['ENST00000338895.7;ENST00000491998.5;ENST00000378209.8']	ENSE00003478711	coding_region	R	K	1
96	rs12564400	1	3883554	A/G	DFFB	ENSG00000169598.17	['ENST00000338895.7']	ENSE00003749067	coding_region	K	R	1
97	rs12564400	1	3883554	A/G	DFFB	ENSG00000169598.17	['ENST00000378209.8']	ENSE00003606040	coding_region	K	R	1
98	rs12564400	1	3883554	A/G	DFFB	ENSG00000169598.17	['ENST00000461150.1']	ENSE00001906121	coding_region	K	R	1
99	rs12036962	1	3890694	G/C	C1orf174	ENSG00000198912.12	['ENST00000361605.4']	ENSE00003466374	coding_region	K	N	1
100	rs12036962	1	3890694	G/C	C1orf174	ENSG00000198912.12	['ENST00000680535.1']	ENSE00003915934	coding_region	I	I	0
101	rs10909820	1	3890886	C/A	C1orf174	ENSG00000198912.12	['ENST00000361605.4']	ENSE00003466374	coding_region	G	G	0
102	rs10909820	1	3890886	C/A	C1orf174	ENSG00000198912.12	['ENST00000680535.1']	ENSE00003915934	coding_region	_	_	0
103	rs779755743	1	5864484	G/A	NPHP4	ENSG00000131697.18	['ENST00000378156.9']	ENSE00003639184	coding_region	V	V	0
104	rs781049266	1	5865212	C/T	NPHP4	ENSG00000131697.18	['ENST00000378156.9']	ENSE00003554379	coding_region	L	L	0
105	rs12084067	1	5875042	C/T	NPHP4	ENSG00000131697.18	['ENST00000378156.9']	ENSE00003629929	coding_region	K	_	1
106	rs373962831	1	5890912	C/T	NPHP4	ENSG00000131697.18	['ENST00000489180.6;ENST00000378156.9;ENST00000466897.1;ENST00000622020.4']	ENSE00003532658	coding_region	L	L	0
107	rs571655	1	5905395	C/T	NPHP4	ENSG00000131697.18	['ENST00000489180.6;ENST00000378156.9;ENST00000622020.4']	ENSE00003634229	coding_region	T	S	1
108	rs12093500	1	5905764	G/C	NPHP4	ENSG00000131697.18	['ENST00000489180.6;ENST00000622020.4']	ENSE00003634786	coding_region	G	R	1
109	rs12093500	1	5905764	G/C	NPHP4	ENSG00000131697.18	['ENST00000378156.9']	ENSE00003530979	coding_region	V	L	1
110	rs758253306	1	5927685	G/A	NPHP4	ENSG00000131697.18	['ENST00000489180.6;ENST00000378156.9;ENST00000622020.4']	ENSE00003580853	coding_region	F	I	1
111	rs761063669	1	5967326	G/A	NPHP4	ENSG00000131697.18	['ENST00000489180.6;ENST00000378156.9;ENST00000378169.7;ENST00000622020.4']	ENSE00003583968	coding_region	R	R	0
112	rs12142270	1	5986204	G/A	NPHP4	ENSG00000131697.18	['ENST00000489180.6;ENST00000378156.9;ENST00000378169.7;ENST00000622020.4']	ENSE00002038847	coding_region	A	T	1
113	rs6657997	1	6128191	C/A	CHD5	ENSG00000116254.18	['ENST00000262450.8;ENST00000462991.5;ENST00000491020.1']	ENSE00003512526	coding_region	Q	Q	0
114	rs12073329	1	6212018	G/A	RNF207	ENSG00000158286.13	['ENST00000377939.5']	ENSE00003656861	coding_region	A	T	1
115	rs12735670	1	6253878	C/T	GPR153	ENSG00000158292.7	['ENST00000377893.3']	ENSE00001038216	coding_region	G	C	1
116	rs2235687	1	6418980	G/A	HES2	ENSG00000069812.11	['ENST00000377834.8']	ENSE00001475263	coding_region	F	L	1
117	rs3817911	1	6441040	G/A	ESPN	ENSG00000187017.17	['ENST00000645284.1;ENST00000636330.1']	ENSE00001726498	coding_region	R	H	1
118	rs121908134	1	6451926	A/C	ESPN	ENSG00000187017.17	['ENST00000477679.2']	ENSE00001849387	coding_region	S	R	1
119	rs121908134	1	6451926	A/C	ESPN	ENSG00000187017.17	['ENST00000475479.2']	ENSE00001878448	coding_region	S	R	1
120	rs121908134	1	6451926	A/C	ESPN	ENSG00000187017.17	['ENST00000645284.1;ENST00000636330.1;ENST00000461727.6;ENST00000475228.6;ENST00000633239.1;ENST00000636644.1;ENST00000434576.2;ENST00000416731.5']	ENSE00003610124	coding_region	S	R	1
121	rs121908136	1	6452092	G/A	ESPN	ENSG00000187017.17	['ENST00000477679.2']	ENSE00001849387	coding_region	R	Q	1
122	rs121908136	1	6452092	G/A	ESPN	ENSG00000187017.17	['ENST00000645284.1;ENST00000636330.1;ENST00000461727.6;ENST00000475228.6;ENST00000633239.1;ENST00000636644.1;ENST00000434576.2;ENST00000416731.5']	ENSE00003610124	coding_region	R	Q	1
123	rs1059333	1	6461546	C/T	TNFRSF25	ENSG00000215788.11	['ENST00000351959.9']	ENSE00002088095	coding_region	L	L	0
124	rs1059333	1	6461546	C/T	TNFRSF25	ENSG00000215788.11	['ENST00000647810.1;ENST00000356876.8']	ENSE00003840057	coding_region	P	P	0
125	rs1059333	1	6461546	C/T	TNFRSF25	ENSG00000215788.11	['ENST00000348333.7;ENST00000351748.7']	ENSE00003591515	coding_region	R	R	0
126	rs1059333	1	6461546	C/T	TNFRSF25	ENSG00000215788.11	['ENST00000377782.7']	ENSE00003507777	coding_region	C	C	0
127	rs11800462	1	6464441	T/C	TNFRSF25	ENSG00000215788.11	['ENST00000647810.1;ENST00000377782.7;ENST00000480393.5;ENST00000485036.5;ENST00000356876.8;ENST00000351959.9;ENST00000348333.7;ENST00000414040.6;ENST00000502588.5;ENST00000510563.5']	ENSE00003476297	coding_region	V	A	1
128	rs397515456	1	6469396	G/A	PLEKHG5	ENSG00000171680.23	['ENST00000535355.6;ENST00000400913.6;ENST00000377725.5;ENST00000340850.10;ENST00000377728.8;ENST00000377748.6;ENST00000377732.5;ENST00000400915.8;ENST00000673471.2;ENST00000377740.5;ENST00000675694.1;ENST00000675123.1;ENST00000537245.6']	ENSE00003515734	coding_region	Q	Q	0
129	rs63750315	1	6469444	A/G	PLEKHG5	ENSG00000171680.23	['ENST00000535355.6;ENST00000400913.6;ENST00000377725.5;ENST00000340850.10;ENST00000377728.8;ENST00000377748.6;ENST00000377732.5;ENST00000400915.8;ENST00000673471.2;ENST00000377740.5;ENST00000675694.1;ENST00000675123.1;ENST00000537245.6']	ENSE00003515734	coding_region	N	K	1
130	rs17029613	1	6532740	T/C	NOL9	ENSG00000162408.11	['ENST00000377705.6']	ENSE00003686079	coding_region	F	F	0
131	rs200454	1	6645814	G/C	DNAJC11	ENSG00000007923.16	['ENST00000377577.10;ENST00000294401.11']	ENSE00002155401	coding_region	Q	Q	0
132	rs200454	1	6645814	G/C	DNAJC11	ENSG00000007923.16	['ENST00000426784.1']	ENSE00001768961	coding_region	N	T	1
133	rs12137794	1	6645884	C/T	DNAJC11	ENSG00000007923.16	['ENST00000377577.10;ENST00000294401.11']	ENSE00002155401	coding_region	V	V	0
134	rs12137794	1	6645884	C/T	DNAJC11	ENSG00000007923.16	['ENST00000426784.1']	ENSE00001768961	coding_region	D	D	0
135	rs12137794	1	6645884	C/T	DNAJC11	ENSG00000007923.16	['ENST00000451196.5']	ENSE00000828404	coding_region	N	Y	1
136	rs137974312	1	7738307	C/T	CAMTA1	ENSG00000171735.19	['ENST00000303635.12;ENST00000495233.5']	ENSE00001731966	coding_region	T	I	1
137	rs10462020	1	7820623	T/G	PER3	ENSG00000049246.14	['ENST00000377532.7;ENST00000361923.2;ENST00000613533.4;ENST00000614998.4']	ENSE00000401718	coding_region	V	G	1
138	rs228697	1	7827519	C/G	PER3	ENSG00000049246.14	['ENST00000377532.7;ENST00000361923.2;ENST00000613533.4;ENST00000614998.4']	ENSE00000737507	coding_region	P	A	1
139	rs1776342	1	7829993	G/A	PER3	ENSG00000049246.14	['ENST00000361923.2']	ENSE00001434888	coding_region	A	T	1
140	rs1776342	1	7829993	G/A	PER3	ENSG00000049246.14	['ENST00000377532.7;ENST00000613533.4']	ENSE00000844094	coding_region	A	T	1
141	rs12033719	1	7830003	C/T	PER3	ENSG00000049246.14	['ENST00000361923.2']	ENSE00001434888	coding_region	T	I	1
142	rs12033719	1	7830003	C/T	PER3	ENSG00000049246.14	['ENST00000377532.7;ENST00000613533.4']	ENSE00000844094	coding_region	T	I	1
143	rs2640909	1	7830057	T/C	PER3	ENSG00000049246.14	['ENST00000614998.4']	ENSE00003713121	coding_region	M	T	1
144	rs2640909	1	7830057	T/C	PER3	ENSG00000049246.14	['ENST00000361923.2']	ENSE00001434888	coding_region	M	T	1
145	rs2640909	1	7830057	T/C	PER3	ENSG00000049246.14	['ENST00000377532.7;ENST00000613533.4']	ENSE00000844094	coding_region	M	T	1
146	rs2640905	1	7835816	C/G	PER3	ENSG00000049246.14	['ENST00000377532.7;ENST00000361923.2;ENST00000613533.4;ENST00000614998.4']	ENSE00000737423	coding_region	S	C	1
147	rs10462021	1	7837073	A/G	PER3	ENSG00000049246.14	['ENST00000377532.7;ENST00000361923.2;ENST00000613533.4;ENST00000614998.4']	ENSE00000737422	coding_region	H	R	1
148	rs9657979	1	7935030	G/T	TNFRSF9	ENSG00000049249.9	['ENST00000474475.1']	ENSE00001831101	coding_region	C	C	0
149	rs9657979	1	7935030	G/T	TNFRSF9	ENSG00000049249.9	['ENST00000377507.8;ENST00000615230.4']	ENSE00003563949	coding_region	K	M	1
150	rs9657963	1	7938763	C/T	TNFRSF9	ENSG00000049249.9	['ENST00000377507.8;ENST00000674210.1;ENST00000615230.4']	ENSE00000737094	coding_region	C	F	1
151	rs74315351	1	7962863	G/A	PARK7	ENSG00000116288.13	['ENST00000493373.5;ENST00000338639.10;ENST00000493678.5;ENST00000377493.9;ENST00000377491.5;ENST00000377488.5']	ENSE00003616908	coding_region	E	K	1
152	rs74315353	1	7965425	G/C	PARK7	ENSG00000116288.13	['ENST00000469225.1']	ENSE00001884202	coding_region			
153	rs74315353	1	7965425	G/C	PARK7	ENSG00000116288.13	['ENST00000493373.5;ENST00000338639.10;ENST00000493678.5;ENST00000377493.9;ENST00000377491.5;ENST00000377488.5']	ENSE00003623984	coding_region			
154	rs71653619	1	7970934	G/A	PARK7	ENSG00000116288.13	['ENST00000493373.5;ENST00000338639.10;ENST00000493678.5;ENST00000377493.9;ENST00000377491.5;ENST00000377488.5;ENST00000469225.1']	ENSE00003499981	coding_region	R	Q	1
155	rs74315352	1	7984930	A/C	PARK7	ENSG00000116288.13	['ENST00000377491.5']	ENSE00001474089	coding_region	D	A	1
156	rs74315352	1	7984930	A/C	PARK7	ENSG00000116288.13	['ENST00000338639.10;ENST00000493678.5']	ENSE00001941967	coding_region	D	A	1
157	rs74315352	1	7984930	A/C	PARK7	ENSG00000116288.13	['ENST00000377493.9']	ENSE00001474101	coding_region	D	A	1
158	rs74315352	1	7984930	A/C	PARK7	ENSG00000116288.13	['ENST00000469225.1']	ENSE00001953926	coding_region	D	A	1
159	rs74315352	1	7984930	A/C	PARK7	ENSG00000116288.13	['ENST00000493373.5']	ENSE00001889095	coding_region	D	A	1
160	rs74315352	1	7984930	A/C	PARK7	ENSG00000116288.13	['ENST00000377488.5']	ENSE00001474082	coding_region	D	A	1
161	rs74315354	1	7984971	G/A	PARK7	ENSG00000116288.13	['ENST00000377491.5']	ENSE00001474089	coding_region	E	K	1
162	rs74315354	1	7984971	G/A	PARK7	ENSG00000116288.13	['ENST00000338639.10;ENST00000493678.5']	ENSE00001941967	coding_region	E	K	1
163	rs74315354	1	7984971	G/A	PARK7	ENSG00000116288.13	['ENST00000377493.9']	ENSE00001474101	coding_region	E	K	1
164	rs74315354	1	7984971	G/A	PARK7	ENSG00000116288.13	['ENST00000469225.1']	ENSE00001953926	coding_region	E	K	1
165	rs74315354	1	7984971	G/A	PARK7	ENSG00000116288.13	['ENST00000493373.5']	ENSE00001889095	coding_region	E	K	1
166	rs74315354	1	7984971	G/A	PARK7	ENSG00000116288.13	['ENST00000377488.5']	ENSE00001474082	coding_region	E	K	1
167	rs781036625	1	8325853	C/T	SLC45A1	ENSG00000162426.16	['ENST00000471889.7;ENST00000289877.8']	ENSE00001474059	coding_region	R	W	1
168	rs869312871	1	8358242	G/T	RERE	ENSG00000142599.19	['ENST00000337907.7;ENST00000400908.7;ENST00000377464.5;ENST00000476556.5']	ENSE00001230277	coding_region	L	L	0
169	rs878853270	1	8358750	G/C	RERE	ENSG00000142599.19	['ENST00000337907.7;ENST00000400908.7;ENST00000377464.5;ENST00000476556.5']	ENSE00001230277	coding_region	S	S	0
170	rs11544514	1	8863984	G/T	ENO1	ENSG00000074800.16	['ENST00000234590.10;ENST00000647408.1']	ENSE00003462332	coding_region	L	L	0
171	rs2274328	1	8949385	A/C	CA6	ENSG00000131686.15	['ENST00000480186.7;ENST00000377443.7;ENST00000377436.6']	ENSE00002846718	coding_region	M	L	1
172	rs2274333	1	8957145	A/G	CA6	ENSG00000131686.15	['ENST00000377443.7;ENST00000377436.6;ENST00000377442.3']	ENSE00000739889	coding_region	S	G	1
173	rs2274333	1	8957145	A/G	CA6	ENSG00000131686.15	['ENST00000549778.5']	ENSE00002368887	coding_region	S	G	1
174	rs12402973	1	9014802	C/T	SLC2A7	ENSG00000197241.3	['ENST00000400906.1']	ENSE00001065167	coding_region	S	S	0
175	rs397518423	1	9726972	G/A	PIK3CD	ENSG00000171608.16	['ENST00000543390.2']	ENSE00003741242	coding_region	E	K	1
176	rs397518423	1	9726972	G/A	PIK3CD	ENSG00000171608.16	['ENST00000377346.9;ENST00000536656.5;ENST00000628140.2']	ENSE00002225148	coding_region	E	K	1
177	rs397518423	1	9726972	G/A	PIK3CD	ENSG00000171608.16	['ENST00000361110.6']	ENSE00001412386	coding_region	E	K	1
178	rs7550295	1	9744635	C/T	CLSTN1	ENSG00000171603.18	['ENST00000377298.9;ENST00000435891.5;ENST00000361311.4']	ENSE00001149442	coding_region	D	V	1
179	rs7550295	1	9744635	C/T	CLSTN1	ENSG00000171603.18	['ENST00000650348.1']	ENSE00003835793	coding_region	_	C	1
180	rs387907294	1	9972098	G/A	NMNAT1	ENSG00000173614.14	['ENST00000403197.5;ENST00000377205.6;ENST00000462686.1']	ENSE00002273780	coding_region	S	N	1
181	rs761948762	1	9972132	T/A	NMNAT1	ENSG00000173614.14	['ENST00000403197.5;ENST00000377205.6;ENST00000462686.1']	ENSE00002273780	coding_region	H	Q	1
182	rs760965874	1	9975637	C/T	NMNAT1	ENSG00000173614.14	['ENST00000403197.5;ENST00000377205.6;ENST00000462686.1']	ENSE00001682224	coding_region	A	V	1
183	rs763325435	1	9975672	C/T	NMNAT1	ENSG00000173614.14	['ENST00000403197.5;ENST00000377205.6;ENST00000462686.1']	ENSE00001682224	coding_region	R	W	1
184	rs756903689	1	9975675	G/T	NMNAT1	ENSG00000173614.14	['ENST00000403197.5;ENST00000377205.6;ENST00000462686.1']	ENSE00001682224	coding_region	V	F	1
185	rs387907292	1	9982312	G/T	NMNAT1	ENSG00000173614.14	['ENST00000462686.1']	ENSE00001825770	coding_region	V	F	1
186	rs387907292	1	9982312	G/T	NMNAT1	ENSG00000173614.14	['ENST00000377205.6']	ENSE00001473095	coding_region	V	F	1
187	rs757724544	1	9982393	G/A	NMNAT1	ENSG00000173614.14	['ENST00000462686.1']	ENSE00001825770	coding_region	V	M	1
188	rs757724544	1	9982393	G/A	NMNAT1	ENSG00000173614.14	['ENST00000377205.6']	ENSE00001473095	coding_region	V	M	1
189	rs375110174	1	9982570	C/T	NMNAT1	ENSG00000173614.14	['ENST00000462686.1']	ENSE00001825770	coding_region	R	C	1
190	rs375110174	1	9982570	C/T	NMNAT1	ENSG00000173614.14	['ENST00000377205.6']	ENSE00001473095	coding_region	R	C	1
191	rs778606847	1	9982577	T/C	NMNAT1	ENSG00000173614.14	['ENST00000462686.1']	ENSE00001825770	coding_region	L	S	1
192	rs778606847	1	9982577	T/C	NMNAT1	ENSG00000173614.14	['ENST00000377205.6']	ENSE00001473095	coding_region	L	S	1
193	rs387907291	1	9982678	A/G	NMNAT1	ENSG00000173614.14	['ENST00000462686.1']	ENSE00001825770	coding_region	N	D	1
194	rs387907291	1	9982678	A/G	NMNAT1	ENSG00000173614.14	['ENST00000377205.6']	ENSE00001473095	coding_region	N	D	1
